{
  "pass_at_k_by_source": {
    "overall": {
      "maj_at_k": [
        0.4375,
        0.4375,
        0.4375,
        0.53125,
        0.5625,
        0.5,
        0.5,
        0.5
      ],
      "pass_at_k": [
        0.4375,
        0.59375,
        0.6875,
        0.71875,
        0.75,
        0.75,
        0.75,
        0.75
      ],
      "std_maj_at_k": [
        0.16535945694153692,
        0.16535945694153692,
        0.16535945694153692,
        0.08267972847076846,
        0.10825317547305482,
        0.0,
        0.0,
        0.0
      ],
      "std_pass_at_k": [
        0.16535945694153692,
        0.12103072956898178,
        0.10825317547305482,
        0.08267972847076846,
        0.0,
        0.0,
        0.0,
        0.0
      ],
      "total_questions": 4,
      "n_trajectories": 8,
      "overall_correctness": 0.4375
    },
    "gpqa": {
      "maj_at_k": [
        0.4375,
        0.4375,
        0.4375,
        0.53125,
        0.5625,
        0.5,
        0.5,
        0.5
      ],
      "pass_at_k": [
        0.4375,
        0.59375,
        0.6875,
        0.71875,
        0.75,
        0.75,
        0.75,
        0.75
      ],
      "std_maj_at_k": [
        0.16535945694153692,
        0.16535945694153692,
        0.16535945694153692,
        0.08267972847076846,
        0.10825317547305482,
        0.0,
        0.0,
        0.0
      ],
      "std_pass_at_k": [
        0.16535945694153692,
        0.12103072956898178,
        0.10825317547305482,
        0.08267972847076846,
        0.0,
        0.0,
        0.0,
        0.0
      ],
      "total_questions": 4,
      "n_trajectories": 8,
      "overall_correctness": 0.4375
    }
  },
  "overall_stats": {},
  "sample_incorrect_answers": [],
  "unparsable_responses_count": 5,
  "questions_with_all_incorrect": 1,
  "questions_with_all_unparsable": 0,
  "finish_reason_stats": {
    "stop": 27,
    "length": 5
  },
  "finish_reason_correctness": {
    "stop": {
      "correct": 14,
      "incorrect": 13,
      "unparsable": 0
    },
    "length": {
      "correct": 0,
      "incorrect": 0,
      "unparsable": 5
    }
  },
  "common_incorrect_patterns": {
    "4.5": 8,
    "\\text{C. Star3 and Star5}": 1,
    "\\text{None of the options are ": 1,
    "A": 1,
    "\\text{C}": 1
  },
  "sample_unparsable_responses": [
    {
      "question_id": "4",
      "ground_truth": "C",
      "response_id": 0,
      "response_text": "<think>\nOkay, let's tackle this problem step by step. The goal is to find the ratio of the equilibrium temperatures between Planet1 and Planet2. Both planets orbit the same star, and we have informati"
    },
    {
      "question_id": "4",
      "ground_truth": "C",
      "response_id": 1,
      "response_text": "<think>\nOkay, let's tackle this problem step by step. The goal is to find the ratio of the equilibrium temperatures between Planet1 and Planet2. Both planets orbit the same star, and we have informati"
    },
    {
      "question_id": "4",
      "ground_truth": "C",
      "response_id": 2,
      "response_text": "<think>\nOkay, let's tackle this problem step by step. The goal is to find the ratio of the equilibrium temperatures between Planet1 and Planet2. Both planets orbit the same star, and we have informati"
    },
    {
      "question_id": "4",
      "ground_truth": "C",
      "response_id": 3,
      "response_text": "<think>\nOkay, let's tackle this problem step by step. The goal is to find the ratio of the equilibrium temperatures between Planet1 and Planet2. Both planets orbit the same star, and we have informati"
    },
    {
      "question_id": "4",
      "ground_truth": "C",
      "response_id": 6,
      "response_text": "<think>\nOkay, let's tackle this problem step by step. The goal is to find the ratio of the equilibrium temperatures between Planet1 and Planet2. Both planets orbit the same star, and we're given their"
    }
  ]
}