{
  "pass_at_k_by_source": {
    "overall": {
      "maj_at_k": [
        0.5,
        0.453125,
        0.515625,
        0.515625,
        0.5,
        0.546875,
        0.5,
        0.5625
      ],
      "pass_at_k": [
        0.5,
        0.671875,
        0.734375,
        0.75,
        0.75,
        0.75,
        0.75,
        0.75
      ],
      "std_maj_at_k": [
        0.08838834764831845,
        0.10711960313126631,
        0.11587810136086973,
        0.09757809372497497,
        0.08838834764831845,
        0.12401959270615269,
        0.10825317547305482,
        0.08838834764831845
      ],
      "std_pass_at_k": [
        0.08838834764831845,
        0.08699631816921909,
        0.04133986423538423,
        0.0,
        0.0,
        0.0,
        0.0,
        0.0
      ],
      "total_questions": 8,
      "n_trajectories": 8,
      "overall_correctness": 0.5
    },
    "gpqa": {
      "maj_at_k": [
        0.5,
        0.453125,
        0.515625,
        0.515625,
        0.5,
        0.546875,
        0.5,
        0.5625
      ],
      "pass_at_k": [
        0.5,
        0.671875,
        0.734375,
        0.75,
        0.75,
        0.75,
        0.75,
        0.75
      ],
      "std_maj_at_k": [
        0.08838834764831845,
        0.10711960313126631,
        0.11587810136086973,
        0.09757809372497497,
        0.08838834764831845,
        0.12401959270615269,
        0.10825317547305482,
        0.08838834764831845
      ],
      "std_pass_at_k": [
        0.08838834764831845,
        0.08699631816921909,
        0.04133986423538423,
        0.0,
        0.0,
        0.0,
        0.0,
        0.0
      ],
      "total_questions": 8,
      "n_trajectories": 8,
      "overall_correctness": 0.5
    }
  },
  "overall_stats": {},
  "sample_incorrect_answers": [],
  "unparsable_responses_count": 31,
  "questions_with_all_incorrect": 2,
  "questions_with_all_unparsable": 1,
  "finish_reason_stats": {
    "stop": 29,
    "length": 35
  },
  "finish_reason_correctness": {
    "stop": {
      "correct": 29,
      "incorrect": 0,
      "unparsable": 0
    },
    "length": {
      "correct": 3,
      "incorrect": 1,
      "unparsable": 31
    }
  },
  "common_incorrect_patterns": {
    "D": 1
  },
  "sample_unparsable_responses": [
    {
      "question_id": "0",
      "ground_truth": "D",
      "response_id": 2,
      "response_text": "<think>\nOkay, so I need to figure out which exoplanet has the highest density among the options given. Let me start by recalling what density means. Density is mass divided by volume, right? So, densi"
    },
    {
      "question_id": "0",
      "ground_truth": "D",
      "response_id": 3,
      "response_text": "<think>\nOkay, let's try to figure out which exoplanet has the highest density. The question gives four options, and I need to compare their densities. Let me start by recalling what density is. Densit"
    },
    {
      "question_id": "0",
      "ground_truth": "D",
      "response_id": 4,
      "response_text": "<think>\nOkay, so I need to figure out which exoplanet has the highest density among the options given. Let me start by recalling what density means. Density is mass divided by volume, right? So, densi"
    },
    {
      "question_id": "0",
      "ground_truth": "D",
      "response_id": 6,
      "response_text": "<think>\nOkay, let's try to figure out which exoplanet has the highest density. The question gives four options, and I need to compare their densities. Let me start by recalling what density means. Den"
    },
    {
      "question_id": "1",
      "ground_truth": "C",
      "response_id": 1,
      "response_text": "<think>\nOkay, so I need to figure out which interstellar medium (ISM) component is most likely responsible for the observed absorption line with an energy equivalent of 3.9 microelectron volts (μeV) i"
    },
    {
      "question_id": "3",
      "ground_truth": "C",
      "response_id": 1,
      "response_text": "<think>\nOkay, so I need to figure out the factor by which the ratio of neutral Ti atoms in two energy levels changes when the star has spots compared to when it doesn't. The question mentions that whe"
    },
    {
      "question_id": "3",
      "ground_truth": "C",
      "response_id": 5,
      "response_text": "<think>\nOkay, so I need to figure out the factor by which the ratio of neutral Ti atoms in two energy levels changes when the star has spots compared to when it doesn't. The question gives me some inf"
    },
    {
      "question_id": "4",
      "ground_truth": "C",
      "response_id": 0,
      "response_text": "<think>\nOkay, so I need to find the ratio of the equilibrium temperatures between Planet1 and Planet2. Both planets are orbiting the same star, and they have different masses and radii. The question m"
    },
    {
      "question_id": "4",
      "ground_truth": "C",
      "response_id": 2,
      "response_text": "<think>\nOkay, so I need to find the ratio of the equilibrium temperatures between Planet1 and Planet2. Both planets are orbiting the same star, which has a mass of 1.5 solar masses, radius 1.2 solar r"
    },
    {
      "question_id": "4",
      "ground_truth": "C",
      "response_id": 3,
      "response_text": "<think>\nOkay, so I need to find the ratio of the equilibrium temperatures between Planet1 and Planet2. Both planets are orbiting the same star, which has a mass of 1.5 solar masses, radius 1.2 solar r"
    }
  ]
}